sample,trait,value,label
Athaliana_1,in_bounds,1,none
Athaliana_1,area,271692.0,pixels
Athaliana_1,convex_hull_area,842057.0,pixels
Athaliana_1,solidity,0.3226527420352779,none
Athaliana_1,perimeter,10219.720034003258,pixels
Athaliana_1,width,1153,pixels
Athaliana_1,height,1048,pixels
Athaliana_1,longest_path,7842,pixels
Athaliana_1,center_of_mass,1270.3773721714294,x
Athaliana_1,center_of_mass,1042.7626245896088,y
Athaliana_1,convex_hull_vertices,40,none
Athaliana_1,object_in_frame,1,none
Athaliana_1,ellipse_center,1298.488525390625,x
Athaliana_1,ellipse_center,1041.1224365234375,y
Athaliana_1,ellipse_major_axis,1013.706298828125,pixels
Athaliana_1,ellipse_minor_axis,905.3190307617188,pixels
Athaliana_1,ellipse_angle,105.43666076660156,degrees
Athaliana_1,ellipse_eccentricity,0.4499013988012174,none
Athaliana_1,hue_frequencies,0.014354489642683628,1
Athaliana_1,hue_frequencies,0.0018403191849594395,3
Athaliana_1,hue_frequencies,0.0007361276739837757,5
Athaliana_1,hue_frequencies,0.00036806383699188787,7
Athaliana_1,hue_frequencies,0.0,9
Athaliana_1,hue_frequencies,0.0007361276739837757,11
Athaliana_1,hue_frequencies,0.0007361276739837757,13
Athaliana_1,hue_frequencies,0.0007361276739837757,15
Athaliana_1,hue_frequencies,0.0018403191849594395,17
Athaliana_1,hue_frequencies,0.0007361276739837757,19
Athaliana_1,hue_frequencies,0.00036806383699188787,21
Athaliana_1,hue_frequencies,0.0014722553479675515,23
Athaliana_1,hue_frequencies,0.0011041915109756637,25
Athaliana_1,hue_frequencies,0.0011041915109756637,27
Athaliana_1,hue_frequencies,0.0011041915109756637,29
Athaliana_1,hue_frequencies,0.0018403191849594395,31
Athaliana_1,hue_frequencies,0.0007361276739837757,33
Athaliana_1,hue_frequencies,0.0007361276739837757,35
Athaliana_1,hue_frequencies,0.0011041915109756637,37
Athaliana_1,hue_frequencies,0.0011041915109756637,39
Athaliana_1,hue_frequencies,0.002576446858943215,41
Athaliana_1,hue_frequencies,0.0007361276739837757,43
Athaliana_1,hue_frequencies,0.002576446858943215,45
Athaliana_1,hue_frequencies,0.0014722553479675515,47
Athaliana_1,hue_frequencies,0.0014722553479675515,49
Athaliana_1,hue_frequencies,0.004416766043902655,51
Athaliana_1,hue_frequencies,0.0022083830219513274,53
Athaliana_1,hue_frequencies,0.0033125745329269907,55
Athaliana_1,hue_frequencies,0.003680638369918879,57
Athaliana_1,hue_frequencies,0.004784829880894542,59
Athaliana_1,hue_frequencies,0.004784829880894542,61
Athaliana_1,hue_frequencies,0.0069932129028458705,63
Athaliana_1,hue_frequencies,0.008465468250813422,65
Athaliana_1,hue_frequencies,0.008097404413821533,67
Athaliana_1,hue_frequencies,0.009937723598780973,69
Athaliana_1,hue_frequencies,0.01582674499065118,71
Athaliana_1,hue_frequencies,0.013250298131707963,73
Athaliana_1,hue_frequencies,0.017299000338618732,75
Athaliana_1,hue_frequencies,0.020243511034553834,77
Athaliana_1,hue_frequencies,0.026500596263415926,79
Athaliana_1,hue_frequencies,0.04637604346097787,81
Athaliana_1,hue_frequencies,0.07545308658333702,83
Athaliana_1,hue_frequencies,0.12035687469634734,85
Athaliana_1,hue_frequencies,0.2535959836874107,87
Athaliana_1,hue_frequencies,0.551359627813848,89
Athaliana_1,hue_frequencies,1.1277475965431445,91
Athaliana_1,hue_frequencies,2.2934057682964535,93
Athaliana_1,hue_frequencies,4.220588018785978,95
Athaliana_1,hue_frequencies,7.781973705519485,97
Athaliana_1,hue_frequencies,11.66651944113187,99
Athaliana_1,hue_frequencies,14.832236503099097,101
Athaliana_1,hue_frequencies,16.178245954978433,103
Athaliana_1,hue_frequencies,13.587812670229523,105
Athaliana_1,hue_frequencies,10.659128719285073,107
Athaliana_1,hue_frequencies,6.947204923221884,109
Athaliana_1,hue_frequencies,4.020729355299383,111
Athaliana_1,hue_frequencies,2.2853083638826317,113
Athaliana_1,hue_frequencies,1.2389028753146947,115
Athaliana_1,hue_frequencies,0.6798139069240169,117
Athaliana_1,hue_frequencies,0.3754251137317256,119
Athaliana_1,hue_frequencies,0.20464349336748966,121
Athaliana_1,hue_frequencies,0.157531322232528,123
Athaliana_1,hue_frequencies,0.1060023850536637,125
Athaliana_1,hue_frequencies,0.07766146960528834,127
Athaliana_1,hue_frequencies,0.05300119252683185,129
Athaliana_1,hue_frequencies,0.04343153276504277,131
Athaliana_1,hue_frequencies,0.03275768149227802,133
Athaliana_1,hue_frequencies,0.023556085567480824,135
Athaliana_1,hue_frequencies,0.020243511034553834,137
Athaliana_1,hue_frequencies,0.011778042783740412,139
Athaliana_1,hue_frequencies,0.013986425805691741,141
Athaliana_1,hue_frequencies,0.0121461066207323,143
Athaliana_1,hue_frequencies,0.006257085228862093,145
Athaliana_1,hue_frequencies,0.004048702206910767,147
Athaliana_1,hue_frequencies,0.002576446858943215,149
Athaliana_1,hue_frequencies,0.004048702206910767,151
Athaliana_1,hue_frequencies,0.0022083830219513274,153
Athaliana_1,hue_frequencies,0.0011041915109756637,155
Athaliana_1,hue_frequencies,0.0018403191849594395,157
Athaliana_1,hue_frequencies,0.00036806383699188787,159
Athaliana_1,hue_frequencies,0.0,161
Athaliana_1,hue_frequencies,0.00036806383699188787,163
Athaliana_1,hue_frequencies,0.00036806383699188787,165
Athaliana_1,hue_frequencies,0.00036806383699188787,167
Athaliana_1,hue_frequencies,0.00036806383699188787,169
Athaliana_1,hue_frequencies,0.0007361276739837757,171
Athaliana_1,hue_frequencies,0.0,173
Athaliana_1,hue_frequencies,0.0,175
Athaliana_1,hue_frequencies,0.0,177
Athaliana_1,hue_frequencies,0.0,179
Athaliana_1,hue_frequencies,0.0007361276739837757,181
Athaliana_1,hue_frequencies,0.0,183
Athaliana_1,hue_frequencies,0.0,185
Athaliana_1,hue_frequencies,0.0,187
Athaliana_1,hue_frequencies,0.00036806383699188787,189
Athaliana_1,hue_frequencies,0.0,191
Athaliana_1,hue_frequencies,0.0,193
Athaliana_1,hue_frequencies,0.0,195
Athaliana_1,hue_frequencies,0.0,197
Athaliana_1,hue_frequencies,0.0,199
Athaliana_1,hue_frequencies,0.0,201
Athaliana_1,hue_frequencies,0.0011041915109756637,203
Athaliana_1,hue_frequencies,0.0,205
Athaliana_1,hue_frequencies,0.0,207
Athaliana_1,hue_frequencies,0.0,209
Athaliana_1,hue_frequencies,0.0007361276739837757,211
Athaliana_1,hue_frequencies,0.0,213
Athaliana_1,hue_frequencies,0.0,215
Athaliana_1,hue_frequencies,0.0,217
Athaliana_1,hue_frequencies,0.00036806383699188787,219
Athaliana_1,hue_frequencies,0.0,221
Athaliana_1,hue_frequencies,0.00036806383699188787,223
Athaliana_1,hue_frequencies,0.00036806383699188787,225
Athaliana_1,hue_frequencies,0.00036806383699188787,227
Athaliana_1,hue_frequencies,0.0,229
Athaliana_1,hue_frequencies,0.0,231
Athaliana_1,hue_frequencies,0.00036806383699188787,233
Athaliana_1,hue_frequencies,0.0,235
Athaliana_1,hue_frequencies,0.0,237
Athaliana_1,hue_frequencies,0.0,239
Athaliana_1,hue_frequencies,0.005520957554878318,241
Athaliana_1,hue_frequencies,0.00036806383699188787,243
Athaliana_1,hue_frequencies,0.0011041915109756637,245
Athaliana_1,hue_frequencies,0.0007361276739837757,247
Athaliana_1,hue_frequencies,0.0,249
Athaliana_1,hue_frequencies,0.0007361276739837757,251
Athaliana_1,hue_frequencies,0.0014722553479675515,253
Athaliana_1,hue_frequencies,0.0,255
Athaliana_1,hue_frequencies,0.0014722553479675515,257
Athaliana_1,hue_frequencies,0.0014722553479675515,259
Athaliana_1,hue_frequencies,0.0011041915109756637,261
Athaliana_1,hue_frequencies,0.0014722553479675515,263
Athaliana_1,hue_frequencies,0.0014722553479675515,265
Athaliana_1,hue_frequencies,0.0014722553479675515,267
Athaliana_1,hue_frequencies,0.0014722553479675515,269
Athaliana_1,hue_frequencies,0.0018403191849594395,271
Athaliana_1,hue_frequencies,0.0,273
Athaliana_1,hue_frequencies,0.0,275
Athaliana_1,hue_frequencies,0.0011041915109756637,277
Athaliana_1,hue_frequencies,0.00036806383699188787,279
Athaliana_1,hue_frequencies,0.002576446858943215,281
Athaliana_1,hue_frequencies,0.0022083830219513274,283
Athaliana_1,hue_frequencies,0.0014722553479675515,285
Athaliana_1,hue_frequencies,0.0014722553479675515,287
Athaliana_1,hue_frequencies,0.002576446858943215,289
Athaliana_1,hue_frequencies,0.0018403191849594395,291
Athaliana_1,hue_frequencies,0.0007361276739837757,293
Athaliana_1,hue_frequencies,0.0014722553479675515,295
Athaliana_1,hue_frequencies,0.0,297
Athaliana_1,hue_frequencies,0.0007361276739837757,299
Athaliana_1,hue_frequencies,0.002944510695935103,301
Athaliana_1,hue_frequencies,0.0007361276739837757,303
Athaliana_1,hue_frequencies,0.0007361276739837757,305
Athaliana_1,hue_frequencies,0.00036806383699188787,307
Athaliana_1,hue_frequencies,0.0018403191849594395,309
Athaliana_1,hue_frequencies,0.0018403191849594395,311
Athaliana_1,hue_frequencies,0.0011041915109756637,313
Athaliana_1,hue_frequencies,0.0018403191849594395,315
Athaliana_1,hue_frequencies,0.0007361276739837757,317
Athaliana_1,hue_frequencies,0.0007361276739837757,319
Athaliana_1,hue_frequencies,0.00036806383699188787,321
Athaliana_1,hue_frequencies,0.00036806383699188787,323
Athaliana_1,hue_frequencies,0.0011041915109756637,325
Athaliana_1,hue_frequencies,0.0011041915109756637,327
Athaliana_1,hue_frequencies,0.0014722553479675515,329
Athaliana_1,hue_frequencies,0.0014722553479675515,331
Athaliana_1,hue_frequencies,0.0011041915109756637,333
Athaliana_1,hue_frequencies,0.0018403191849594395,335
Athaliana_1,hue_frequencies,0.0014722553479675515,337
Athaliana_1,hue_frequencies,0.0007361276739837757,339
Athaliana_1,hue_frequencies,0.003680638369918879,341
Athaliana_1,hue_frequencies,0.0011041915109756637,343
Athaliana_1,hue_frequencies,0.0018403191849594395,345
Athaliana_1,hue_frequencies,0.002576446858943215,347
Athaliana_1,hue_frequencies,0.0018403191849594395,349
Athaliana_1,hue_frequencies,0.0011041915109756637,351
Athaliana_1,hue_frequencies,0.002576446858943215,353
Athaliana_1,hue_frequencies,0.0007361276739837757,355
Athaliana_1,hue_frequencies,0.0018403191849594395,357
Athaliana_1,hue_frequencies,0.0007361276739837757,359
Athaliana_1,saturation_frequencies,0.0007361276739837757,0.0
Athaliana_1,saturation_frequencies,0.0,0.39
Athaliana_1,saturation_frequencies,0.0,0.78
Athaliana_1,saturation_frequencies,0.0,1.18
Athaliana_1,saturation_frequencies,0.0,1.57
Athaliana_1,saturation_frequencies,0.0,1.96
Athaliana_1,saturation_frequencies,0.0,2.35
Athaliana_1,saturation_frequencies,0.0,2.75
Athaliana_1,saturation_frequencies,0.0,3.14
Athaliana_1,saturation_frequencies,0.0,3.53
Athaliana_1,saturation_frequencies,0.0,3.92
Athaliana_1,saturation_frequencies,0.0,4.31
Athaliana_1,saturation_frequencies,0.00036806383699188787,4.71
Athaliana_1,saturation_frequencies,0.0,5.1
Athaliana_1,saturation_frequencies,0.0,5.49
Athaliana_1,saturation_frequencies,0.0007361276739837757,5.88
Athaliana_1,saturation_frequencies,0.0,6.27
Athaliana_1,saturation_frequencies,0.00036806383699188787,6.67
Athaliana_1,saturation_frequencies,0.00036806383699188787,7.06
Athaliana_1,saturation_frequencies,0.00036806383699188787,7.45
Athaliana_1,saturation_frequencies,0.0007361276739837757,7.84
Athaliana_1,saturation_frequencies,0.0,8.24
Athaliana_1,saturation_frequencies,0.00036806383699188787,8.63
Athaliana_1,saturation_frequencies,0.0,9.02
Athaliana_1,saturation_frequencies,0.00036806383699188787,9.41
Athaliana_1,saturation_frequencies,0.0,9.8
Athaliana_1,saturation_frequencies,0.0,10.2
Athaliana_1,saturation_frequencies,0.0007361276739837757,10.59
Athaliana_1,saturation_frequencies,0.00036806383699188787,10.98
Athaliana_1,saturation_frequencies,0.00036806383699188787,11.37
Athaliana_1,saturation_frequencies,0.0,11.76
Athaliana_1,saturation_frequencies,0.0011041915109756637,12.16
Athaliana_1,saturation_frequencies,0.0007361276739837757,12.55
Athaliana_1,saturation_frequencies,0.0011041915109756637,12.94
Athaliana_1,saturation_frequencies,0.0,13.33
Athaliana_1,saturation_frequencies,0.0018403191849594395,13.73
Athaliana_1,saturation_frequencies,0.0011041915109756637,14.12
Athaliana_1,saturation_frequencies,0.00036806383699188787,14.51
Athaliana_1,saturation_frequencies,0.0011041915109756637,14.9
Athaliana_1,saturation_frequencies,0.0007361276739837757,15.29
Athaliana_1,saturation_frequencies,0.00036806383699188787,15.69
Athaliana_1,saturation_frequencies,0.0,16.08
Athaliana_1,saturation_frequencies,0.0011041915109756637,16.47
Athaliana_1,saturation_frequencies,0.0007361276739837757,16.86
Athaliana_1,saturation_frequencies,0.0018403191849594395,17.25
Athaliana_1,saturation_frequencies,0.0011041915109756637,17.65
Athaliana_1,saturation_frequencies,0.0007361276739837757,18.04
Athaliana_1,saturation_frequencies,0.0,18.43
Athaliana_1,saturation_frequencies,0.0,18.82
Athaliana_1,saturation_frequencies,0.0,19.22
Athaliana_1,saturation_frequencies,0.0007361276739837757,19.61
Athaliana_1,saturation_frequencies,0.00036806383699188787,20.0
Athaliana_1,saturation_frequencies,0.0,20.39
Athaliana_1,saturation_frequencies,0.00036806383699188787,20.78
Athaliana_1,saturation_frequencies,0.0014722553479675515,21.18
Athaliana_1,saturation_frequencies,0.0033125745329269907,21.57
Athaliana_1,saturation_frequencies,0.0014722553479675515,21.96
Athaliana_1,saturation_frequencies,0.00036806383699188787,22.35
Athaliana_1,saturation_frequencies,0.0011041915109756637,22.75
Athaliana_1,saturation_frequencies,0.0014722553479675515,23.14
Athaliana_1,saturation_frequencies,0.0014722553479675515,23.53
Athaliana_1,saturation_frequencies,0.00036806383699188787,23.92
Athaliana_1,saturation_frequencies,0.0011041915109756637,24.31
Athaliana_1,saturation_frequencies,0.0022083830219513274,24.71
Athaliana_1,saturation_frequencies,0.0022083830219513274,25.1
Athaliana_1,saturation_frequencies,0.0007361276739837757,25.49
Athaliana_1,saturation_frequencies,0.002576446858943215,25.88
Athaliana_1,saturation_frequencies,0.0018403191849594395,26.27
Athaliana_1,saturation_frequencies,0.002576446858943215,26.67
Athaliana_1,saturation_frequencies,0.0018403191849594395,27.06
Athaliana_1,saturation_frequencies,0.0022083830219513274,27.45
Athaliana_1,saturation_frequencies,0.0033125745329269907,27.84
Athaliana_1,saturation_frequencies,0.007729340576829645,28.24
Athaliana_1,saturation_frequencies,0.004048702206910767,28.63
Athaliana_1,saturation_frequencies,0.00515289371788643,29.02
Athaliana_1,saturation_frequencies,0.009201595924797197,29.41
Athaliana_1,saturation_frequencies,0.0066251490658539814,29.8
Athaliana_1,saturation_frequencies,0.007729340576829645,30.2
Athaliana_1,saturation_frequencies,0.00883353208780531,30.59
Athaliana_1,saturation_frequencies,0.01030578743577286,30.98
Athaliana_1,saturation_frequencies,0.0121461066207323,31.37
Athaliana_1,saturation_frequencies,0.01545868115365929,31.76
Athaliana_1,saturation_frequencies,0.016194808827643067,32.16
Athaliana_1,saturation_frequencies,0.013250298131707963,32.55
Athaliana_1,saturation_frequencies,0.016930936501626845,32.94
Athaliana_1,saturation_frequencies,0.02281995789349705,33.33
Athaliana_1,saturation_frequencies,0.017299000338618732,33.73
Athaliana_1,saturation_frequencies,0.017299000338618732,34.12
Athaliana_1,saturation_frequencies,0.030181234633334806,34.51
Athaliana_1,saturation_frequencies,0.02208383021951327,34.9
Athaliana_1,saturation_frequencies,0.021347702545529496,35.29
Athaliana_1,saturation_frequencies,0.02834091544837537,35.69
Athaliana_1,saturation_frequencies,0.030549298470326693,36.08
Athaliana_1,saturation_frequencies,0.03128542614431047,36.47
Athaliana_1,saturation_frequencies,0.026868660100407813,36.86
Athaliana_1,saturation_frequencies,0.030549298470326693,37.25
Athaliana_1,saturation_frequencies,0.04416766043902654,37.65
Athaliana_1,saturation_frequencies,0.04122314974309144,38.04
Athaliana_1,saturation_frequencies,0.04895249031992109,38.43
Athaliana_1,saturation_frequencies,0.045271851950002204,38.82
Athaliana_1,saturation_frequencies,0.05962634159268584,39.22
Athaliana_1,saturation_frequencies,0.06293891612561282,39.61
Athaliana_1,saturation_frequencies,0.07839759727927212,40.0
Athaliana_1,saturation_frequencies,0.08060598030122344,40.39
Athaliana_1,saturation_frequencies,0.08465468250813421,40.78
Athaliana_1,saturation_frequencies,0.0909117677369963,41.18
Athaliana_1,saturation_frequencies,0.10084949133577728,41.57
Athaliana_1,saturation_frequencies,0.1089468957495988,41.96
Athaliana_1,saturation_frequencies,0.13176685364309587,42.35
Athaliana_1,saturation_frequencies,0.1428087687528525,42.75
Athaliana_1,saturation_frequencies,0.16636485432033332,43.14
Athaliana_1,saturation_frequencies,0.16894130117927653,43.53
Athaliana_1,saturation_frequencies,0.17078162036423597,43.92
Athaliana_1,saturation_frequencies,0.20206704650854646,44.31
Athaliana_1,saturation_frequencies,0.24402632392562165,44.71
Athaliana_1,saturation_frequencies,0.2558043667093621,45.1
Athaliana_1,saturation_frequencies,0.2874578566906644,45.49
Athaliana_1,saturation_frequencies,0.32868100643375586,45.88
Athaliana_1,saturation_frequencies,0.3463480706093665,46.27
Athaliana_1,saturation_frequencies,0.39787700778823076,46.67
Athaliana_1,saturation_frequencies,0.43063468928050885,47.06
Athaliana_1,saturation_frequencies,0.4586075408918923,47.45
Athaliana_1,saturation_frequencies,0.5322203082902699,47.84
Athaliana_1,saturation_frequencies,0.6400630125288931,48.24
Athaliana_1,saturation_frequencies,0.6713484386732035,48.63
Athaliana_1,saturation_frequencies,0.7567392488553214,49.02
Athaliana_1,saturation_frequencies,0.7898649941845914,49.41
Athaliana_1,saturation_frequencies,0.9698482104736246,49.8
Athaliana_1,saturation_frequencies,1.328710451540715,50.2
Athaliana_1,saturation_frequencies,1.1535120651325765,50.59
Athaliana_1,saturation_frequencies,1.3695655374468148,50.98
Athaliana_1,saturation_frequencies,1.5661116264004828,51.37
Athaliana_1,saturation_frequencies,1.6964062246956113,51.76
Athaliana_1,saturation_frequencies,1.8789658878435878,52.16
Athaliana_1,saturation_frequencies,1.9665650810476567,52.55
Athaliana_1,saturation_frequencies,2.1517011910545767,52.94
Athaliana_1,saturation_frequencies,2.377324323130604,53.33
Athaliana_1,saturation_frequencies,2.592273603933866,53.73
Athaliana_1,saturation_frequencies,2.744283968611516,54.12
Athaliana_1,saturation_frequencies,2.832987353326561,54.51
Athaliana_1,saturation_frequencies,3.0420476127379534,54.9
Athaliana_1,saturation_frequencies,3.1866967006757654,55.29
Athaliana_1,saturation_frequencies,3.1465777424436494,55.69
Athaliana_1,saturation_frequencies,3.3265609587326828,56.08
Athaliana_1,saturation_frequencies,3.3560060656920334,56.47
Athaliana_1,saturation_frequencies,3.2492675529643864,56.86
Athaliana_1,saturation_frequencies,3.413055960425776,57.25
Athaliana_1,saturation_frequencies,3.3335541716355284,57.65
Athaliana_1,saturation_frequencies,3.1907454028826763,58.04
Athaliana_1,saturation_frequencies,3.229392105766824,58.43
Athaliana_1,saturation_frequencies,2.9596013132517704,58.82
Athaliana_1,saturation_frequencies,2.9261075040855085,59.22
Athaliana_1,saturation_frequencies,2.8558073112200577,59.61
Athaliana_1,saturation_frequencies,2.4962089424789835,60.0
Athaliana_1,saturation_frequencies,2.4829586443472755,60.39
Athaliana_1,saturation_frequencies,2.2772109594688104,60.78
Athaliana_1,saturation_frequencies,2.0861858280700205,61.18
Athaliana_1,saturation_frequencies,1.842159504144399,61.57
Athaliana_1,saturation_frequencies,1.7019271822504896,61.96
Athaliana_1,saturation_frequencies,1.5506529452468236,62.35
Athaliana_1,saturation_frequencies,1.37251004814275,62.75
Athaliana_1,saturation_frequencies,1.260250577860224,63.14
Athaliana_1,saturation_frequencies,1.122226638988266,63.53
Athaliana_1,saturation_frequencies,1.0158561900976104,63.92
Athaliana_1,saturation_frequencies,0.9006522091191497,64.31
Athaliana_1,saturation_frequencies,0.7438570145606054,64.71
Athaliana_1,saturation_frequencies,0.6606745874004387,65.1
Athaliana_1,saturation_frequencies,0.5631376705975885,65.49
Athaliana_1,saturation_frequencies,0.5079280950488052,65.88
Athaliana_1,saturation_frequencies,0.4225372848666873,66.27
Athaliana_1,saturation_frequencies,0.3941963694183119,66.67
Athaliana_1,saturation_frequencies,0.33567421933660174,67.06
Athaliana_1,saturation_frequencies,0.2642698349601755,67.45
Athaliana_1,saturation_frequencies,0.23224828114188126,67.84
Athaliana_1,saturation_frequencies,0.21678959998822195,68.24
Athaliana_1,saturation_frequencies,0.1763025779191143,68.63
Athaliana_1,saturation_frequencies,0.1369197473609823,69.02
Athaliana_1,saturation_frequencies,0.14060038573090117,69.41
Athaliana_1,saturation_frequencies,0.10821076807561504,69.8
Athaliana_1,saturation_frequencies,0.10011336366179349,70.2
Athaliana_1,saturation_frequencies,0.08318242716016666,70.59
Athaliana_1,saturation_frequencies,0.07066825670244248,70.98
Athaliana_1,saturation_frequencies,0.05704989473374262,71.37
Athaliana_1,saturation_frequencies,0.049688617993904866,71.76
Athaliana_1,saturation_frequencies,0.039750894395123894,72.16
Athaliana_1,saturation_frequencies,0.03791057521016445,72.55
Athaliana_1,saturation_frequencies,0.030181234633334806,72.94
Athaliana_1,saturation_frequencies,0.02281995789349705,73.33
Athaliana_1,saturation_frequencies,0.023188021730488936,73.73
Athaliana_1,saturation_frequencies,0.016930936501626845,74.12
Athaliana_1,saturation_frequencies,0.0121461066207323,74.51
Athaliana_1,saturation_frequencies,0.011409978946748525,74.9
Athaliana_1,saturation_frequencies,0.008097404413821533,75.29
Athaliana_1,saturation_frequencies,0.008097404413821533,75.69
Athaliana_1,saturation_frequencies,0.008097404413821533,76.08
Athaliana_1,saturation_frequencies,0.009201595924797197,76.47
Athaliana_1,saturation_frequencies,0.004416766043902655,76.86
Athaliana_1,saturation_frequencies,0.005520957554878318,77.25
Athaliana_1,saturation_frequencies,0.0069932129028458705,77.65
Athaliana_1,saturation_frequencies,0.005889021391870206,78.04
Athaliana_1,saturation_frequencies,0.004416766043902655,78.43
Athaliana_1,saturation_frequencies,0.002576446858943215,78.82
Athaliana_1,saturation_frequencies,0.002944510695935103,79.22
Athaliana_1,saturation_frequencies,0.0014722553479675515,79.61
Athaliana_1,saturation_frequencies,0.0011041915109756637,80.0
Athaliana_1,saturation_frequencies,0.0018403191849594395,80.39
Athaliana_1,saturation_frequencies,0.0018403191849594395,80.78
Athaliana_1,saturation_frequencies,0.0014722553479675515,81.18
Athaliana_1,saturation_frequencies,0.00036806383699188787,81.57
Athaliana_1,saturation_frequencies,0.0007361276739837757,81.96
Athaliana_1,saturation_frequencies,0.0014722553479675515,82.35
Athaliana_1,saturation_frequencies,0.0007361276739837757,82.75
Athaliana_1,saturation_frequencies,0.0011041915109756637,83.14
Athaliana_1,saturation_frequencies,0.0014722553479675515,83.53
Athaliana_1,saturation_frequencies,0.0007361276739837757,83.92
Athaliana_1,saturation_frequencies,0.0011041915109756637,84.31
Athaliana_1,saturation_frequencies,0.0018403191849594395,84.71
Athaliana_1,saturation_frequencies,0.0011041915109756637,85.1
Athaliana_1,saturation_frequencies,0.00036806383699188787,85.49
Athaliana_1,saturation_frequencies,0.0011041915109756637,85.88
Athaliana_1,saturation_frequencies,0.00036806383699188787,86.27
Athaliana_1,saturation_frequencies,0.0011041915109756637,86.67
Athaliana_1,saturation_frequencies,0.0,87.06
Athaliana_1,saturation_frequencies,0.0,87.45
Athaliana_1,saturation_frequencies,0.00036806383699188787,87.84
Athaliana_1,saturation_frequencies,0.0,88.24
Athaliana_1,saturation_frequencies,0.00036806383699188787,88.63
Athaliana_1,saturation_frequencies,0.0,89.02
Athaliana_1,saturation_frequencies,0.0007361276739837757,89.41
Athaliana_1,saturation_frequencies,0.0007361276739837757,89.8
Athaliana_1,saturation_frequencies,0.00036806383699188787,90.2
Athaliana_1,saturation_frequencies,0.0,90.59
Athaliana_1,saturation_frequencies,0.0,90.98
Athaliana_1,saturation_frequencies,0.0,91.37
Athaliana_1,saturation_frequencies,0.0007361276739837757,91.76
Athaliana_1,saturation_frequencies,0.0011041915109756637,92.16
Athaliana_1,saturation_frequencies,0.0,92.55
Athaliana_1,saturation_frequencies,0.0007361276739837757,92.94
Athaliana_1,saturation_frequencies,0.00036806383699188787,93.33
Athaliana_1,saturation_frequencies,0.0,93.73
Athaliana_1,saturation_frequencies,0.00036806383699188787,94.12
Athaliana_1,saturation_frequencies,0.0,94.51
Athaliana_1,saturation_frequencies,0.0,94.9
Athaliana_1,saturation_frequencies,0.0,95.29
Athaliana_1,saturation_frequencies,0.00036806383699188787,95.69
Athaliana_1,saturation_frequencies,0.0,96.08
Athaliana_1,saturation_frequencies,0.0007361276739837757,96.47
Athaliana_1,saturation_frequencies,0.0007361276739837757,96.86
Athaliana_1,saturation_frequencies,0.0,97.25
Athaliana_1,saturation_frequencies,0.0,97.65
Athaliana_1,saturation_frequencies,0.00036806383699188787,98.04
Athaliana_1,saturation_frequencies,0.0,98.43
Athaliana_1,saturation_frequencies,0.0,98.82
Athaliana_1,saturation_frequencies,0.0,99.22
Athaliana_1,saturation_frequencies,0.0,99.61
Athaliana_1,saturation_frequencies,0.05925827775569394,100.0
Athaliana_1,value_frequencies,0.0007361276739837757,0.0
Athaliana_1,value_frequencies,0.0,0.39
Athaliana_1,value_frequencies,0.0,0.78
Athaliana_1,value_frequencies,0.0,1.18
Athaliana_1,value_frequencies,0.0,1.57
Athaliana_1,value_frequencies,0.0,1.96
Athaliana_1,value_frequencies,0.0,2.35
Athaliana_1,value_frequencies,0.0,2.75
Athaliana_1,value_frequencies,0.0007361276739837757,3.14
Athaliana_1,value_frequencies,0.00036806383699188787,3.53
Athaliana_1,value_frequencies,0.0,3.92
Athaliana_1,value_frequencies,0.00036806383699188787,4.31
Athaliana_1,value_frequencies,0.0,4.71
Athaliana_1,value_frequencies,0.0011041915109756637,5.1
Athaliana_1,value_frequencies,0.0011041915109756637,5.49
Athaliana_1,value_frequencies,0.0007361276739837757,5.88
Athaliana_1,value_frequencies,0.00036806383699188787,6.27
Athaliana_1,value_frequencies,0.0014722553479675515,6.67
Athaliana_1,value_frequencies,0.0007361276739837757,7.06
Athaliana_1,value_frequencies,0.0007361276739837757,7.45
Athaliana_1,value_frequencies,0.0011041915109756637,7.84
Athaliana_1,value_frequencies,0.003680638369918879,8.24
Athaliana_1,value_frequencies,0.0,8.63
Athaliana_1,value_frequencies,0.0033125745329269907,9.02
Athaliana_1,value_frequencies,0.0022083830219513274,9.41
Athaliana_1,value_frequencies,0.0007361276739837757,9.8
Athaliana_1,value_frequencies,0.0022083830219513274,10.2
Athaliana_1,value_frequencies,0.0018403191849594395,10.59
Athaliana_1,value_frequencies,0.004784829880894542,10.98
Athaliana_1,value_frequencies,0.004416766043902655,11.37
Athaliana_1,value_frequencies,0.005889021391870206,11.76
Athaliana_1,value_frequencies,0.003680638369918879,12.16
Athaliana_1,value_frequencies,0.004048702206910767,12.55
Athaliana_1,value_frequencies,0.004416766043902655,12.94
Athaliana_1,value_frequencies,0.00515289371788643,13.33
Athaliana_1,value_frequencies,0.006257085228862093,13.73
Athaliana_1,value_frequencies,0.006257085228862093,14.12
Athaliana_1,value_frequencies,0.004416766043902655,14.51
Athaliana_1,value_frequencies,0.00515289371788643,14.9
Athaliana_1,value_frequencies,0.004048702206910767,15.29
Athaliana_1,value_frequencies,0.003680638369918879,15.69
Athaliana_1,value_frequencies,0.002944510695935103,16.08
Athaliana_1,value_frequencies,0.00515289371788643,16.47
Athaliana_1,value_frequencies,0.0033125745329269907,16.86
Athaliana_1,value_frequencies,0.004416766043902655,17.25
Athaliana_1,value_frequencies,0.002576446858943215,17.65
Athaliana_1,value_frequencies,0.004048702206910767,18.04
Athaliana_1,value_frequencies,0.0022083830219513274,18.43
Athaliana_1,value_frequencies,0.002576446858943215,18.82
Athaliana_1,value_frequencies,0.002944510695935103,19.22
Athaliana_1,value_frequencies,0.0022083830219513274,19.61
Athaliana_1,value_frequencies,0.0022083830219513274,20.0
Athaliana_1,value_frequencies,0.0014722553479675515,20.39
Athaliana_1,value_frequencies,0.0018403191849594395,20.78
Athaliana_1,value_frequencies,0.0022083830219513274,21.18
Athaliana_1,value_frequencies,0.002944510695935103,21.57
Athaliana_1,value_frequencies,0.003680638369918879,21.96
Athaliana_1,value_frequencies,0.002944510695935103,22.35
Athaliana_1,value_frequencies,0.002944510695935103,22.75
Athaliana_1,value_frequencies,0.004048702206910767,23.14
Athaliana_1,value_frequencies,0.002576446858943215,23.53
Athaliana_1,value_frequencies,0.0014722553479675515,23.92
Athaliana_1,value_frequencies,0.0014722553479675515,24.31
Athaliana_1,value_frequencies,0.0018403191849594395,24.71
Athaliana_1,value_frequencies,0.002576446858943215,25.1
Athaliana_1,value_frequencies,0.0033125745329269907,25.49
Athaliana_1,value_frequencies,0.002576446858943215,25.88
Athaliana_1,value_frequencies,0.002944510695935103,26.27
Athaliana_1,value_frequencies,0.0018403191849594395,26.67
Athaliana_1,value_frequencies,0.0022083830219513274,27.06
Athaliana_1,value_frequencies,0.002576446858943215,27.45
Athaliana_1,value_frequencies,0.0022083830219513274,27.84
Athaliana_1,value_frequencies,0.0022083830219513274,28.24
Athaliana_1,value_frequencies,0.0022083830219513274,28.63
Athaliana_1,value_frequencies,0.0014722553479675515,29.02
Athaliana_1,value_frequencies,0.003680638369918879,29.41
Athaliana_1,value_frequencies,0.0033125745329269907,29.8
Athaliana_1,value_frequencies,0.0033125745329269907,30.2
Athaliana_1,value_frequencies,0.002576446858943215,30.59
Athaliana_1,value_frequencies,0.004416766043902655,30.98
Athaliana_1,value_frequencies,0.0014722553479675515,31.37
Athaliana_1,value_frequencies,0.0033125745329269907,31.76
Athaliana_1,value_frequencies,0.003680638369918879,32.16
Athaliana_1,value_frequencies,0.0033125745329269907,32.55
Athaliana_1,value_frequencies,0.0022083830219513274,32.94
Athaliana_1,value_frequencies,0.002576446858943215,33.33
Athaliana_1,value_frequencies,0.004784829880894542,33.73
Athaliana_1,value_frequencies,0.004048702206910767,34.12
Athaliana_1,value_frequencies,0.004048702206910767,34.51
Athaliana_1,value_frequencies,0.004784829880894542,34.9
Athaliana_1,value_frequencies,0.005520957554878318,35.29
Athaliana_1,value_frequencies,0.00515289371788643,35.69
Athaliana_1,value_frequencies,0.0069932129028458705,36.08
Athaliana_1,value_frequencies,0.004416766043902655,36.47
Athaliana_1,value_frequencies,0.007361276739837758,36.86
Athaliana_1,value_frequencies,0.005520957554878318,37.25
Athaliana_1,value_frequencies,0.00883353208780531,37.65
Athaliana_1,value_frequencies,0.009201595924797197,38.04
Athaliana_1,value_frequencies,0.008465468250813422,38.43
Athaliana_1,value_frequencies,0.0121461066207323,38.82
Athaliana_1,value_frequencies,0.014354489642683628,39.22
Athaliana_1,value_frequencies,0.014722553479675516,39.61
Athaliana_1,value_frequencies,0.01766706417561062,40.0
Athaliana_1,value_frequencies,0.020243511034553834,40.39
Athaliana_1,value_frequencies,0.028708979285367257,40.78
Athaliana_1,value_frequencies,0.024660277078456486,41.18
Athaliana_1,value_frequencies,0.03091736230731858,41.57
Athaliana_1,value_frequencies,0.02613253242642404,41.96
Athaliana_1,value_frequencies,0.03422993684024558,42.35
Athaliana_1,value_frequencies,0.04343153276504277,42.75
Athaliana_1,value_frequencies,0.0515289371788643,43.14
Athaliana_1,value_frequencies,0.06330697996260472,43.53
Athaliana_1,value_frequencies,0.06514729914756416,43.92
Athaliana_1,value_frequencies,0.07986985262723967,44.31
Athaliana_1,value_frequencies,0.08281436332317477,44.71
Athaliana_1,value_frequencies,0.08465468250813421,45.1
Athaliana_1,value_frequencies,0.09900917215081784,45.49
Athaliana_1,value_frequencies,0.09974529982480161,45.88
Athaliana_1,value_frequencies,0.11373172563049336,46.27
Athaliana_1,value_frequencies,0.11483591714146903,46.67
Athaliana_1,value_frequencies,0.14501715177480382,47.06
Athaliana_1,value_frequencies,0.1578993860695199,47.45
Athaliana_1,value_frequencies,0.16526066280935767,47.84
Athaliana_1,value_frequencies,0.17667064175610617,48.24
Athaliana_1,value_frequencies,0.19102513139878982,48.63
Athaliana_1,value_frequencies,0.21715766382521384,49.02
Athaliana_1,value_frequencies,0.22304668521708404,49.41
Athaliana_1,value_frequencies,0.25764468589432155,49.8
Athaliana_1,value_frequencies,0.2672143456561106,50.2
Athaliana_1,value_frequencies,0.2848814098317212,50.59
Athaliana_1,value_frequencies,0.32131972969391814,50.98
Athaliana_1,value_frequencies,0.3135903891170885,51.37
Athaliana_1,value_frequencies,0.3518690281642448,51.76
Athaliana_1,value_frequencies,0.4144398804528658,52.16
Athaliana_1,value_frequencies,0.4122314974309144,52.55
Athaliana_1,value_frequencies,0.43284307230246016,52.94
Athaliana_1,value_frequencies,0.4755384773935192,53.33
Athaliana_1,value_frequencies,0.4913652223841703,53.73
Athaliana_1,value_frequencies,0.5384773935191319,54.12
Athaliana_1,value_frequencies,0.5476789894439292,54.51
Athaliana_1,value_frequencies,0.5830131177951504,54.9
Athaliana_1,value_frequencies,0.5947911605788908,55.29
Athaliana_1,value_frequencies,0.6150346716134446,55.69
Athaliana_1,value_frequencies,0.6246043313752337,56.08
Athaliana_1,value_frequencies,0.7177244821341813,56.47
Athaliana_1,value_frequencies,0.6625149065853981,56.86
Athaliana_1,value_frequencies,0.7173564182971894,57.25
Athaliana_1,value_frequencies,0.7611560148992241,57.65
Athaliana_1,value_frequencies,0.7574753765293052,58.04
Athaliana_1,value_frequencies,0.7950178879024778,58.43
Athaliana_1,value_frequencies,0.8483871442663016,58.82
Athaliana_1,value_frequencies,0.8767280597146768,59.22
Athaliana_1,value_frequencies,0.9510769547870384,59.61
Athaliana_1,value_frequencies,0.968375955125657,60.0
Athaliana_1,value_frequencies,0.9842027001163082,60.39
Athaliana_1,value_frequencies,0.9893555938341946,60.78
Athaliana_1,value_frequencies,1.0055504026618378,61.18
Athaliana_1,value_frequencies,1.03720389264314,61.57
Athaliana_1,value_frequencies,1.1336366179350146,61.96
Athaliana_1,value_frequencies,1.18148491674396,62.35
Athaliana_1,value_frequencies,1.14247015002282,62.75
Athaliana_1,value_frequencies,1.2260206410199785,63.14
Athaliana_1,value_frequencies,1.2764453866878671,63.53
Athaliana_1,value_frequencies,1.3187727279419343,63.92
Athaliana_1,value_frequencies,1.3239256216598205,64.31
Athaliana_1,value_frequencies,1.3901771123183604,64.71
Athaliana_1,value_frequencies,1.4159415809077927,65.1
Athaliana_1,value_frequencies,1.4744637309895028,65.49
Athaliana_1,value_frequencies,1.4196222192777115,65.88
Athaliana_1,value_frequencies,1.4523799007699896,66.27
Athaliana_1,value_frequencies,1.562430988030564,66.67
Athaliana_1,value_frequencies,1.539611030137067,67.06
Athaliana_1,value_frequencies,1.4921307951651135,67.45
Athaliana_1,value_frequencies,1.578257733021215,67.84
Athaliana_1,value_frequencies,1.6113834783504852,68.24
Athaliana_1,value_frequencies,1.6360437554289415,68.63
Athaliana_1,value_frequencies,1.581938371391134,69.02
Athaliana_1,value_frequencies,1.6688014369212196,69.41
Athaliana_1,value_frequencies,1.6636485432033332,69.8
Athaliana_1,value_frequencies,1.5778896691842232,70.2
Athaliana_1,value_frequencies,1.5896677119679636,70.59
Athaliana_1,value_frequencies,1.598869307892761,70.98
Athaliana_1,value_frequencies,1.552861328268775,71.37
Athaliana_1,value_frequencies,1.5620629241935722,71.76
Athaliana_1,value_frequencies,1.56942420093341,72.16
Athaliana_1,value_frequencies,1.5495487537358479,72.55
Athaliana_1,value_frequencies,1.5057491571338133,72.94
Athaliana_1,value_frequencies,1.5039088379488539,73.33
Athaliana_1,value_frequencies,1.5576461581496694,73.73
Athaliana_1,value_frequencies,1.4034274104500686,74.12
Athaliana_1,value_frequencies,1.3695655374468148,74.51
Athaliana_1,value_frequencies,1.4063719211460035,74.9
Athaliana_1,value_frequencies,1.3265020685187638,75.29
Athaliana_1,value_frequencies,1.4048996657980362,75.69
Athaliana_1,value_frequencies,1.3312868983996584,76.08
Athaliana_1,value_frequencies,1.1925268318537166,76.47
Athaliana_1,value_frequencies,1.1836932997659115,76.86
Athaliana_1,value_frequencies,1.1903184488317655,77.25
Athaliana_1,value_frequencies,1.1273795327061524,77.65
Athaliana_1,value_frequencies,1.1108166600415177,78.04
Athaliana_1,value_frequencies,1.0430929140350103,78.43
Athaliana_1,value_frequencies,1.0324190627622454,78.82
Athaliana_1,value_frequencies,0.9937723598780972,79.22
Athaliana_1,value_frequencies,0.9168470179467927,79.61
Athaliana_1,value_frequencies,0.9120621880658982,80.0
Athaliana_1,value_frequencies,0.8439703782223988,80.39
Athaliana_1,value_frequencies,0.7434889507236135,80.78
Athaliana_1,value_frequencies,0.7530586104854026,81.18
Athaliana_1,value_frequencies,0.7129396522532868,81.57
Athaliana_1,value_frequencies,0.6897516305227979,81.96
Athaliana_1,value_frequencies,0.6691400556512522,82.35
Athaliana_1,value_frequencies,0.6113540332435258,82.75
Athaliana_1,value_frequencies,0.5624015429236047,83.14
Athaliana_1,value_frequencies,0.5325883721272617,83.53
Athaliana_1,value_frequencies,0.4828997541333569,83.92
Athaliana_1,value_frequencies,0.4722259028605922,84.31
Athaliana_1,value_frequencies,0.41996083800774403,84.71
Athaliana_1,value_frequencies,0.3982450716252227,85.1
Athaliana_1,value_frequencies,0.3783696244276607,85.49
Athaliana_1,value_frequencies,0.37211253919879866,85.88
Athaliana_1,value_frequencies,0.32978519794473155,86.27
Athaliana_1,value_frequencies,0.3007081548223724,86.67
Athaliana_1,value_frequencies,0.2594850050792809,87.06
Athaliana_1,value_frequencies,0.24660277078456488,87.45
Athaliana_1,value_frequencies,0.2421860047406622,87.84
Athaliana_1,value_frequencies,0.20096285499757077,88.24
Athaliana_1,value_frequencies,0.2086921955744004,88.63
Athaliana_1,value_frequencies,0.18918481221383035,89.02
Athaliana_1,value_frequencies,0.16342034362439822,89.41
Athaliana_1,value_frequencies,0.16746904583130898,89.8
Athaliana_1,value_frequencies,0.1464894071227714,90.2
Athaliana_1,value_frequencies,0.14170457724187682,90.59
Athaliana_1,value_frequencies,0.13287104515407153,90.98
Athaliana_1,value_frequencies,0.12661395992520943,91.37
Athaliana_1,value_frequencies,0.10857883191260692,91.76
Athaliana_1,value_frequencies,0.08833532087805308,92.16
Athaliana_1,value_frequencies,0.11152334260854202,92.55
Athaliana_1,value_frequencies,0.08207823564919099,92.94
Athaliana_1,value_frequencies,0.08391855483415044,93.33
Athaliana_1,value_frequencies,0.07214051205041003,93.73
Athaliana_1,value_frequencies,0.07545308658333702,94.12
Athaliana_1,value_frequencies,0.05999440542967772,94.51
Athaliana_1,value_frequencies,0.0669876183325236,94.9
Athaliana_1,value_frequencies,0.0636750437995966,95.29
Athaliana_1,value_frequencies,0.05741795857073451,95.69
Athaliana_1,value_frequencies,0.06293891612561282,96.08
Athaliana_1,value_frequencies,0.06109859694065339,96.47
Athaliana_1,value_frequencies,0.05079280950488053,96.86
Athaliana_1,value_frequencies,0.05079280950488053,97.25
Athaliana_1,value_frequencies,0.04011895823211578,97.65
Athaliana_1,value_frequencies,0.03827863904715634,98.04
Athaliana_1,value_frequencies,0.0334938091662618,98.43
Athaliana_1,value_frequencies,0.03275768149227802,98.82
Athaliana_1,value_frequencies,0.026868660100407813,99.22
Athaliana_1,value_frequencies,0.02834091544837537,99.61
Athaliana_1,value_frequencies,0.31800715516099115,100.0
Athaliana_1,hue_circular_mean,101.98158741409993,degrees
Athaliana_1,hue_circular_std,6.7458960416937765,degrees
Athaliana_1,hue_median,102.0,degrees
